,IPEDSID,Applicants total,Enrollment rate,Admission rate,Admissions total,Enrolled total,Average graduation rate
0,100654,6142,17,89,5521,1104,20
1,100663,5689,31,86,4934,1773,42
2,100706,2054,31,80,1656,651,33
3,100724,10245,14,51,5251,1479,17
4,100751,30975,20,56,17515,6454,57
5,100830,1958,29,83,1639,579,19
6,100858,15745,23,82,13027,3726,56
7,100937,1931,18,64,1240,356,58
8,101435,1470,17,62,923,261,37
9,101480,3083,37,83,2567,1158,22
10,101541,268,25,73,198,68,40
11,101587,462,82,99,460,380,25
12,101693,866,29,71,617,259,43
13,101709,1385,38,87,1209,531,36
14,101879,2542,38,80,2057,970,23
15,101912,2728,14,34,937,409,29
16,102049,3447,22,76,2653,765,60
17,102094,4814,39,86,4142,1878,24
18,102234,6596,6,46,3052,431,52
19,102270,4121,6,42,1772,257,22
20,102368,5946,35,68,4056,2087,26
21,102377,10022,6,35,3519,650,32
22,102669,494,6,37,185,33,32
23,104151,21770,32,80,17465,7171,50
24,104179,26329,28,76,20251,7401,53
25,104586,1689,26,78,1334,448,50
26,105330,33989,14,91,31057,4772,41
27,105589,399,12,72,291,49,32
28,105899,344,26,60,209,90,40
29,106245,1443,46,52,761,667,14
30,106342,1309,13,58,772,174,46
31,106397,18908,22,58,11076,4339,50
32,106412,4094,13,27,1134,568,17
33,106458,4838,33,75,3653,1619,28
34,106467,3847,45,85,3271,1755,32
35,106704,3659,58,89,3292,2157,33
36,106713,540,23,54,292,129,31
37,107044,2180,47,76,1663,1041,53
38,107071,3350,21,62,2084,704,22
39,107080,1928,22,80,1550,436,67
40,107141,1143,26,69,798,305,61
41,107512,1740,22,70,1220,394,55
42,107558,1061,14,61,651,159,43
43,107877,531,29,67,361,156,33
44,107983,2720,24,60,1654,663,22
45,108092,3905,34,57,2240,1343,17
46,109785,5329,23,79,4255,1250,58
47,110097,4816,18,72,3509,903,60
48,110361,3853,25,78,3036,993,51
49,110404,5535,4,10,584,249,88
50,110413,6920,7,48,3323,540,66
51,110422,36941,9,31,11537,3635,53
52,110486,6630,20,66,4393,1328,28
53,110495,5763,19,72,4158,1109,37
54,110510,12239,20,58,7137,2448,26
55,110529,28143,11,52,14686,3120,32
56,110538,17215,15,71,12327,2714,40
57,110547,14742,8,57,8472,1214,16
58,110556,16242,19,58,9444,3139,33
59,110565,38909,11,45,17817,4526,35
60,110574,12741,12,68,8756,1572,26
61,110583,55019,7,30,16956,4276,39
62,110592,27321,10,67,18448,2908,21
63,110608,29339,14,46,13566,4149,31
64,110617,19702,15,69,13728,3151,27
65,110635,61717,6,17,11108,4162,84
66,110644,49820,10,45,22526,5208,69
67,110653,56515,8,42,23956,5077,79
68,110662,72676,7,21,15981,5620,82
69,110671,30391,13,62,18843,4034,56
70,110680,60832,7,37,22812,4575,74
71,110705,55258,8,44,24556,4741,76
72,110714,33137,11,59,19851,3827,64
73,111188,893,22,74,668,198,53
74,111948,11750,10,44,5253,1289,69
75,112075,2055,18,91,1874,373,59
76,112084,561,17,49,276,99,37
77,112260,5518,6,11,647,337,89
78,112446,82,73,100,82,60,100
79,113698,2322,13,77,1800,305,46
80,114813,705,30,78,553,212,50
81,115409,3539,6,18,643,217,88
82,115728,561,15,56,318,87,30
83,115755,9978,12,80,8000,1237,26
84,116846,100,23,59,59,23,77
85,117140,6989,8,38,2722,623,51
86,117627,3479,13,46,1627,477,47
87,117751,849,24,61,521,209,51
88,117946,11472,11,54,6209,1341,72
89,118693,4100,3,37,1519,139,36
90,118888,1827,11,67,1242,217,58
91,119173,2316,24,74,1716,559,60
92,120184,1922,8,87,1676,172,43
93,120254,6072,9,42,2574,548,85
94,120537,408,19,46,191,78,36
95,120865,2103,15,50,1063,335,31
96,120883,14222,6,72,10332,958,53
97,121150,9721,8,37,3630,784,76
98,121257,4115,6,14,597,261,79
99,121309,3138,20,66,2088,647,68
100,121345,7153,5,13,996,397,94
101,121691,4668,14,67,3137,673,69
102,122409,51163,8,31,15970,4139,52
103,122436,14693,8,48,7178,1238,71
104,122597,31462,12,63,20070,3807,31
105,122612,14808,7,61,9076,1148,64
106,122755,25155,13,63,15967,3384,29
107,122931,14339,8,51,7344,1278,81
108,123165,2378,11,35,849,272,82
109,123457,573,26,55,318,150,43
110,123554,4864,12,69,3379,622,56
111,123572,13142,13,81,10758,1749,42
112,123651,1495,26,69,1043,392,50
113,123961,47358,6,19,9395,2922,86
114,124292,178,49,79,141,88,76
115,125727,2145,13,70,1505,298,74
116,125763,4381,10,63,2771,446,65
117,125897,879,13,55,490,118,33
118,126182,2658,19,52,1398,519,19
119,126562,3075,32,75,2333,991,29
120,126580,7034,22,91,6401,1616,38
121,126614,22473,26,87,19710,5846,60
122,126669,1186,37,97,1158,447,31
123,126678,5780,9,22,1288,522,84
124,126775,11682,8,37,4373,949,59
125,126818,17970,24,77,13914,4443,53
126,127060,13735,10,76,10539,1413,73
127,127185,2560,34,87,2240,876,29
128,127556,6459,34,82,5304,2214,25
129,127565,5867,33,71,4175,1991,16
130,127653,79,48,79,63,38,33
131,127741,7602,25,69,5289,1939,38
132,127918,3006,17,69,2100,531,52
133,128106,3147,29,94,2969,916,26
134,128391,1514,31,93,1411,473,35
135,128498,689,19,68,470,132,19
136,128744,5248,10,63,3351,542,23
137,128771,5551,23,64,3560,1293,39
138,128902,4837,10,35,1734,503,82
139,129020,27479,13,53,14745,3755,77
140,129215,5112,19,64,3299,985,43
141,129242,9254,10,71,6585,990,80
142,129525,15127,8,61,9338,1267,57
143,129774,1162,15,57,670,178,36
144,129941,10169,11,74,7567,1174,50
145,130226,20699,8,67,13914,1803,74
146,130253,7781,11,76,5932,865,67
147,130314,860,17,85,737,153,46
148,130493,4870,28,75,3673,1380,36
149,130590,7652,7,31,2432,604,84
150,130697,10046,7,20,2102,752,89
151,130776,3613,22,65,2366,797,35
152,130794,28977,4,7,2043,1356,94
153,130934,8884,11,41,3703,1036,29
154,130943,25458,16,64,16467,4224,76
155,131098,2933,18,62,1833,556,17
156,131159,17545,9,43,7566,1627,78
157,131283,6298,13,60,3783,837,66
158,131450,520,38,65,341,201,35
159,131469,21756,10,33,7197,2387,79
160,131496,20115,7,16,3413,1570,90
161,131520,11687,11,49,5762,1394,52
162,131876,1493,18,52,781,276,26
163,132471,7845,7,46,3670,576,31
164,132602,7429,13,66,4948,1022,38
165,132657,2697,16,77,2093,456,37
166,132842,58,27,36,21,16,15
167,132903,31820,19,48,15572,6068,54
168,133085,468,26,70,328,126,50
169,133492,3912,13,71,2779,534,63
170,133526,1907,10,27,521,208,13
171,133553,4074,23,74,3017,944,47
172,133650,5029,22,44,2263,1145,27
173,133669,24889,13,47,11880,3479,29
174,133711,5396,13,49,2691,708,57
175,133809,383,51,58,225,196,9
176,133881,7820,10,60,4727,783,48
177,133951,16549,18,43,7122,2990,37
178,133979,4960,8,41,2063,432,31
179,134079,4963,12,49,2476,635,54
180,134097,29579,20,56,16803,6048,69
181,134130,27107,23,46,12618,6373,78
182,134945,3498,15,47,1657,528,33
183,135081,4620,79,93,4311,3658,64
184,135726,28907,7,40,11691,2140,78
185,135939,67,61,80,54,41,44
186,136172,10635,15,53,5682,1615,38
187,136215,4328,15,57,2487,673,34
188,136330,1618,36,84,1361,587,44
189,136950,4729,10,58,2785,477,65
190,137032,3178,20,76,2435,645,40
191,137351,28512,13,45,12900,3904,52
192,137476,727,28,45,332,210,34
193,137546,10509,8,59,6227,852,61
194,137564,2124,40,59,1260,865,32
195,137847,15345,10,52,8011,1592,57
196,138275,1264,14,33,427,179,35
197,138293,944,21,63,602,207,22
198,138354,12347,10,48,5937,1333,32
199,138600,1340,18,66,896,254,69
200,138716,8250,6,19,1643,501,31
201,138789,3118,36,69,2182,1128,23
202,138868,934,25,53,500,238,42
203,138947,5873,13,56,3336,781,31
204,139144,3901,17,60,2353,672,56
205,139199,2160,9,78,1691,206,38
206,139205,475,31,51,244,150,12
207,139311,2046,26,47,976,545,20
208,139366,3170,32,55,1757,1045,22
209,139393,1129,23,57,644,268,54
210,139630,876,17,47,419,156,39
211,139658,17475,7,26,4602,1363,88
212,139719,4076,15,32,1334,624,20
213,139755,14645,20,54,8045,3044,66
214,139764,1245,30,68,847,376,27
215,139861,4051,34,67,2754,1392,52
216,139931,10525,34,52,5473,3604,40
217,139940,13890,24,54,7592,3460,39
218,139959,18458,26,56,10352,4936,73
219,140164,9471,33,56,5355,3194,31
220,140234,1648,16,58,962,271,35
221,140252,809,26,74,603,212,22
222,140447,3864,18,68,2666,728,53
223,140553,2690,18,66,1798,488,48
224,140696,4403,6,55,2455,282,59
225,140720,2771,9,43,1213,268,13
226,140818,850,30,61,520,255,44
227,140872,1111,35,51,571,396,25
228,140960,2922,44,82,2425,1301,20
229,140988,1597,19,68,1087,309,41
230,141060,6081,8,38,2312,523,64
231,141097,1689,47,77,1317,797,25
232,141167,153,43,68,105,66,20
233,141185,1253,14,49,619,178,41
234,141237,470,43,80,379,204,13
235,141264,5701,30,55,3148,1734,30
236,141325,779,15,43,338,117,62
237,141334,7266,30,53,3913,2214,32
238,141486,914,29,83,764,267,33
239,141565,1633,28,75,1228,461,24
240,141574,6901,28,80,5527,1981,40
241,141644,4207,14,64,2697,591,31
242,141981,908,33,76,694,301,18
243,142115,7832,28,77,6082,2205,26
244,142285,7455,22,65,4894,1643,42
245,142294,1116,26,90,1010,292,61
246,142328,861,55,99,859,475,18
247,142461,1227,21,61,757,261,41
248,142522,6690,51,99,6665,3448,39
249,143084,5831,10,58,3421,627,76
250,143118,2536,25,75,1926,646,52
251,143288,528,21,67,359,116,41
252,143358,8969,12,66,6004,1085,68
253,144005,5219,5,28,1495,276,13
254,144050,30304,4,8,2670,1426,90
255,144281,8005,26,90,7247,2161,37
256,144351,3692,10,54,2009,376,49
257,144740,19957,12,59,11948,2425,64
258,144892,7881,16,61,4879,1333,50
259,144962,2702,18,71,1940,506,68
260,144971,960,14,67,651,138,55
261,145372,1723,16,65,1132,277,47
262,145600,14603,21,71,10427,3104,46
263,145619,2108,30,69,1465,635,46
264,145637,33203,22,62,20716,7329,78
265,145646,3556,14,58,2076,529,75
266,145691,2560,10,61,1569,270,61
267,145725,2840,16,56,1618,465,50
268,145813,15354,19,68,10582,2981,62
269,146339,737,27,70,521,201,42
270,146427,2660,14,74,1994,380,76
271,146481,3684,10,57,2110,403,61
272,146612,5432,12,55,3035,694,55
273,146719,14355,17,91,13121,2512,67
274,146825,1027,11,74,769,120,34
275,147013,1617,23,62,1017,387,42
276,147244,3906,11,55,2153,451,55
277,147341,2973,13,64,1912,392,57
278,147536,84,29,98,83,25,33
279,147660,4082,12,63,2598,529,59
280,147679,3961,9,52,2073,373,50
281,147703,25914,10,56,14545,2679,40
282,147767,32060,6,15,4912,2037,91
283,147776,5350,15,59,3200,808,12
284,147828,3719,20,81,3048,753,54
285,148131,1078,25,88,955,275,45
286,148335,4080,17,21,857,719,78
287,148405,1074,10,40,440,113,34
288,148487,3370,13,78,2655,444,35
289,148496,3502,14,59,2100,497,58
290,148584,1706,13,51,877,237,47
291,148627,10513,5,50,5313,594,40
292,148654,1469,21,59,878,316,37
293,148849,28,28,28,8,8,53
294,149222,11634,22,78,9176,2612,35
295,149231,7646,25,84,6437,1966,41
296,149505,583,35,90,526,205,54
297,149514,446,40,93,418,182,40
298,149772,10554,15,59,6260,1652,45
299,149781,1959,30,68,1346,598,82
300,150066,2734,16,55,1516,444,52
301,150136,17118,21,60,10364,3616,50
302,150145,1242,20,71,889,250,58
303,150163,9357,10,66,6185,1015,63
304,150172,545,35,40,218,192,24
305,150400,5086,12,61,3113,641,77
306,150455,1890,13,63,1204,254,66
307,150534,2935,18,84,2468,543,59
308,150604,2221,13,60,1333,296,55
309,150668,770,21,55,424,167,64
310,150677,3450,10,78,2720,347,58
311,150756,3174,10,66,2118,334,70
312,150774,715,21,72,517,157,44
313,150941,784,28,97,763,227,60
314,151102,3702,44,83,3076,1660,16
315,151111,12230,31,69,8510,3796,30
316,151263,5313,15,84,4486,830,52
317,151306,6204,27,69,4302,1709,27
318,151324,11019,24,83,9152,2661,33
319,151333,1066,47,73,784,508,18
320,151342,2456,37,70,1720,921,17
321,151351,37826,20,72,27300,7604,69
322,151360,1773,46,76,1352,830,17
323,151379,2097,48,79,1666,1026,20
324,151388,1219,33,53,656,404,17
325,151777,2195,16,71,1562,359,45
326,151786,2064,16,57,1196,338,43
327,151801,3441,41,95,3274,1437,65
328,152080,17647,11,22,3936,2070,93
329,152099,652,16,72,475,108,47
330,152248,2591,31,60,1571,827,20
331,152266,1639,39,72,1183,653,15
332,152336,1908,20,53,1023,388,44
333,152363,1639,16,64,1052,273,41
334,152381,325,19,97,317,64,56
335,152390,1529,28,85,1310,437,69
336,152530,1637,28,87,1434,459,71
337,152567,2867,14,71,2052,421,44
338,152600,6124,14,79,4880,876,65
339,153001,1409,19,69,980,269,49
340,153108,2842,10,65,1870,309,64
341,153126,1250,14,77,969,181,65
342,153144,2972,13,61,1834,390,64
343,153162,2204,11,64,1413,261,66
344,153250,1355,28,75,1022,381,59
345,153269,5930,14,65,3911,850,66
346,153278,1457,30,77,1128,447,40
347,153366,1981,16,50,994,326,40
348,153375,807,36,95,770,298,40
349,153384,3979,10,35,1395,423,84
350,153603,16539,32,82,13648,5366,56
351,153621,1319,7,60,793,103,25
352,153658,21642,20,80,17363,4460,61
353,153825,1873,22,69,1293,414,56
354,153834,3490,17,72,2517,628,72
355,153861,74,25,41,31,19,27
356,154004,3721,9,53,1986,367,54
357,154013,542,28,68,371,154,70
358,154095,4068,42,83,3389,1722,55
359,154101,1221,23,76,929,284,59
360,154235,2897,19,96,2786,562,55
361,154350,1302,28,88,1146,377,60
362,154493,1229,17,58,715,218,32
363,154527,2268,19,77,1761,451,61
364,154590,836,31,57,482,264,27
365,154688,870,27,86,756,235,45
366,154712,3515,14,60,2129,494,53
367,154721,1139,16,58,670,184,34
368,154749,854,14,64,550,123,46
369,154855,662,19,50,334,131,35
370,155025,2452,28,60,1488,696,32
371,155061,2511,42,89,2239,1063,34
372,155089,737,24,58,432,184,25
373,155317,12389,30,92,11433,3771,51
374,155335,2348,7,44,1050,165,43
375,155399,9839,38,95,9437,3821,46
376,155414,689,21,53,370,151,37
377,155511,642,26,86,556,170,46
378,155520,1012,19,72,731,198,50
379,155627,267,54,98,264,145,28
380,155681,3073,37,78,2427,1144,38
381,155812,767,14,47,361,109,50
382,155900,436,29,89,391,128,48
383,155937,883,19,44,389,169,37
384,155973,517,30,73,380,159,51
385,156125,3492,40,95,3344,1412,35
386,156189,3656,5,45,1646,189,28
387,156213,1211,26,65,796,322,61
388,156286,4160,16,94,3943,676,61
389,156295,1620,24,34,551,397,56
390,156356,3582,4,45,1612,150,25
391,156365,2649,19,68,1813,525,36
392,156408,2533,14,68,1737,377,81
393,156541,2527,19,71,1801,488,35
394,156620,9932,23,60,5961,2306,30
395,156745,1735,13,82,1426,238,52
396,157058,6399,7,37,2415,506,13
397,157076,1006,16,67,675,163,33
398,157085,19810,23,68,13592,4702,49
399,157100,590,22,51,303,135,31
400,157289,9166,31,71,6519,2857,41
401,157359,458,43,70,322,201,11
402,157377,446,25,53,240,115,41
403,157386,5230,31,84,4419,1649,35
404,157401,4576,35,82,3760,1626,43
405,157447,7064,29,46,3299,2107,27
406,157535,1804,21,100,1804,386,24
407,157757,1094,36,81,887,402,30
408,157809,1053,25,87,924,264,51
409,157818,1326,22,96,1275,294,70
410,157863,1424,16,74,1056,242,27
411,157951,8526,39,92,7871,3375,40
412,158477,670,19,65,442,128,55
413,158802,4726,4,35,1675,229,20
414,159009,4545,15,43,1983,714,20
415,159382,1080,36,60,656,391,14
416,159391,16169,35,76,12326,5725,55
417,159416,539,64,83,450,345,25
418,159568,904,29,74,671,266,37
419,159647,5077,30,67,3424,1552,41
420,159656,4827,12,87,4203,624,50
421,159717,3624,36,61,2229,1313,27
422,159939,3197,26,50,1610,860,23
423,159966,2404,51,86,2090,1243,32
424,159993,3454,38,77,2668,1325,31
425,160038,2812,43,83,2362,1231,30
426,160065,163,36,48,79,59,18
427,160612,7657,33,44,3430,2565,26
428,160621,3721,20,35,1336,781,20
429,160630,1563,43,48,764,684,8
430,160658,8506,31,59,5044,2693,31
431,160755,30122,5,26,7961,1609,70
432,160904,4703,14,54,2560,675,38
433,160959,452,23,73,333,104,64
434,160977,5243,9,24,1267,500,91
435,161004,7052,7,14,1054,497,91
436,161086,5407,8,26,1408,483,91
437,161165,1581,28,79,1263,444,36
438,161226,1638,26,83,1371,439,48
439,161235,464,34,62,292,162,39
440,161244,452,23,85,386,104,23
441,161253,8306,24,81,6733,1997,47
442,161299,791,28,65,517,225,66
443,161457,4231,14,85,3632,633,54
444,161518,1580,18,77,1229,290,52
445,161554,3902,22,82,3231,868,23
446,161563,1074,25,72,778,269,41
447,161572,519,28,88,461,146,49
448,161873,695,36,72,507,251,31
449,162007,3986,15,51,2063,627,25
450,162210,1455,9,32,476,134,28
451,162283,5980,7,35,2123,446,9
452,162584,3872,23,59,2302,895,36
453,162654,3615,11,71,2593,410,64
454,162760,1686,16,81,1366,281,62
455,162928,21336,6,18,3869,1390,90
456,163046,13604,8,58,7891,1096,82
457,163268,9755,16,63,6160,1657,53
458,163286,26247,15,46,12333,4020,77
459,163338,4073,14,55,2241,610,24
460,163453,4801,18,57,2764,899,23
461,163462,4943,8,67,3332,429,64
462,163578,838,12,49,416,104,49
463,163851,8912,13,54,4896,1246,59
464,163912,1985,21,72,1430,419,76
465,163976,342,36,80,277,126,60
466,164076,17750,15,60,10710,2748,55
467,164173,5318,14,59,3169,752,50
468,164216,4786,7,66,3185,350,67
469,164270,2942,15,75,2232,453,69
470,164447,1928,17,67,1307,346,38
471,164465,7927,5,14,1132,466,93
472,164492,2081,11,77,1614,243,45
473,164562,4659,10,74,3458,502,72
474,164632,908,14,57,523,135,51
475,164720,3936,9,62,2462,361,21
476,164739,7493,12,43,3281,974,84
477,164924,24538,9,32,7905,2215,90
478,164988,44006,8,45,20071,3877,82
479,165015,9496,8,37,3517,833,88
480,165024,5920,24,78,4653,1476,46
481,165334,5551,11,61,3416,621,79
482,165529,6780,9,66,4537,643,41
483,165644,941,17,55,525,165,51
484,165662,8198,10,47,3933,863,80
485,165671,6623,7,60,4006,515,55
486,165699,3675,17,71,2633,629,68
487,165802,2412,9,62,1513,239,16
488,165820,3528,21,72,2544,759,38
489,165866,5433,15,51,2807,826,43
490,165936,4009,11,41,1657,481,66
491,166018,2856,12,63,1819,361,62
492,166027,35023,4,5,2047,1659,93
493,166124,7115,10,32,2346,722,90
494,166391,3584,13,76,2729,485,50
495,166452,2605,12,67,1758,316,41
496,166513,9126,18,63,5838,1648,43
497,166629,36012,12,62,22665,4672,67
498,166638,8170,17,71,5834,1413,31
499,166683,18989,5,8,1548,1115,89
500,166692,787,38,77,608,300,60
501,166850,6314,12,78,4963,794,57
502,166939,3732,14,46,1747,527,79
503,166948,2371,12,60,1438,307,35
504,167251,4915,5,59,2926,270,28
505,167260,2499,16,80,2011,414,45
506,167288,1689,18,67,1135,313,49
507,167358,47364,6,32,15301,2891,54
508,167394,993,19,74,744,198,64
509,167455,535,22,64,343,119,30
510,167729,4855,22,69,3364,1095,35
511,167783,4239,7,48,2076,339,69
512,167835,4403,14,43,1897,643,84
513,167899,2231,22,69,1560,513,64
514,167987,8063,17,72,5816,1443,41
515,167996,6548,9,70,4643,610,83
516,168005,9275,12,82,7652,1188,49
517,168148,18419,7,18,3471,1314,90
518,168218,4765,12,29,1387,595,88
519,168227,6146,14,57,3541,900,57
520,168254,5988,11,81,4881,697,56
521,168263,5137,25,74,3846,1288,53
522,168281,3944,11,67,2657,466,74
523,168290,1570,13,73,1149,217,50
524,168342,7069,7,17,1203,547,93
525,168421,8578,12,51,4425,1103,77
526,168430,4149,18,60,2515,780,42
527,168528,4675,10,56,2631,496,48
528,168546,4430,7,56,2498,346,70
529,168591,2699,13,67,1833,376,55
530,168740,2551,15,37,957,388,47
531,168786,2789,14,71,1990,391,47
532,169080,4003,25,69,2792,1006,67
533,169248,19262,15,63,12143,2963,43
534,169363,1150,16,53,618,188,27
535,169479,1385,41,91,1270,581,28
536,169716,3670,13,61,2256,481,48
537,169798,11929,22,63,7632,2636,26
538,169910,10718,18,75,8135,2006,38
539,169983,2140,17,61,1318,372,41
540,170000,346,39,74,259,136,31
541,170037,2349,15,68,1599,362,40
542,170082,18122,22,82,14969,4078,55
543,170301,4161,19,72,3018,822,74
544,170532,2528,17,66,1691,454,75
545,170639,1481,28,91,1360,418,31
546,170675,1819,18,43,794,341,34
547,170806,1089,17,61,667,191,35
548,170842,916,19,93,859,182,20
549,170967,1171,12,65,769,149,33
550,170976,46813,13,33,15570,6200,84
551,171100,31479,25,68,21610,8061,67
552,171128,4520,25,76,3462,1153,49
553,171137,4908,19,62,3084,954,36
554,171146,3003,24,78,2345,724,25
555,171456,6743,24,73,4931,1680,36
556,171571,12019,21,66,7933,2569,30
557,171599,1995,15,51,1027,301,36
558,171881,152,24,68,104,37,37
559,172051,6057,26,78,4764,1593,26
560,172264,1422,21,67,962,300,35
561,172334,2698,13,65,1755,368,47
562,172440,872,12,58,513,109,34
563,172644,11524,18,76,8786,2167,22
564,172699,14621,21,82,12113,3190,42
565,173045,2072,18,60,1261,380,57
566,173124,3606,23,66,2408,838,38
567,173142,531,27,74,396,147,44
568,173160,2118,28,94,2009,612,68
569,173258,7045,7,20,1476,527,91
570,173300,2493,27,79,1994,684,68
571,173328,1359,21,52,712,287,39
572,173452,209,78,96,201,164,67
573,173647,4804,12,63,3037,610,81
574,173665,3427,15,65,2247,536,63
575,173902,6683,8,34,2283,555,86
576,173920,9938,24,65,6514,2456,37
577,174020,306,32,100,306,100,21
578,174066,43048,12,44,19121,5544,67
579,174075,762,27,69,527,213,39
580,174233,7074,29,78,5533,2054,47
581,174251,2649,17,57,1527,469,58
582,174358,3562,27,89,3174,989,36
583,174437,501,49,95,477,246,33
584,174491,1945,23,69,1345,466,61
585,174747,2077,25,75,1569,538,79
586,174783,5638,30,86,4900,1703,35
587,174792,1747,28,75,1313,497,76
588,174817,1551,20,74,1161,318,50
589,174844,4011,18,59,2374,752,85
590,174862,1049,20,55,577,210,45
591,174899,1810,23,72,1315,432,65
592,174914,5540,24,86,4774,1368,70
593,175005,3071,14,60,1870,443,52
594,175078,2076,21,65,1359,453,35
595,175272,7212,22,60,4381,1650,45
596,175342,2265,25,82,1878,575,26
597,175421,2280,12,48,1104,281,32
598,175430,585,14,55,326,83,46
599,175616,472,72,89,422,343,26
600,175856,5325,20,64,3442,1103,29
601,175980,1901,8,47,902,171,61
602,176017,14258,25,59,8464,3582,49
603,176035,1274,14,43,554,184,32
604,176044,6229,7,22,1415,493,19
605,176053,1936,30,67,1303,598,46
606,176080,11191,28,64,7254,3156,49
607,176318,3152,9,13,437,287,16
608,176372,6120,28,66,4058,1746,35
609,176406,2661,5,35,945,153,41
610,176479,771,23,48,376,182,56
611,176628,1629,11,61,995,182,40
612,176947,1285,22,65,836,291,36
613,176965,4611,38,80,3727,1769,44
614,177144,2040,10,59,1209,220,42
615,177214,1076,30,80,871,325,45
616,177339,1379,33,64,886,460,45
617,177418,676,23,65,441,160,21
618,177542,703,24,68,479,173,55
619,177968,3379,40,66,2240,1369,36
620,178059,1595,25,76,1214,409,61
621,178244,840,31,60,512,265,37
622,178341,1726,46,97,1679,808,27
623,178369,2164,19,22,480,415,20
624,178396,20956,29,78,16473,6194,61
625,178402,4367,24,32,1441,1078,38
626,178411,3322,37,82,2729,1262,48
627,178420,1755,27,74,1302,482,35
628,178615,4462,29,72,3221,1329,65
629,178624,5680,22,72,4113,1260,40
630,178697,3006,11,13,391,357,59
631,178721,663,30,96,639,205,34
632,179043,2576,17,75,1943,438,65
633,179159,13389,12,64,8626,1638,66
634,179326,2179,22,90,1966,482,43
635,179548,783,21,67,529,168,47
636,179557,4388,39,85,3750,1729,40
637,179566,7482,36,85,6367,2751,44
638,179867,30117,5,15,4684,1610,91
639,179894,1736,24,58,1008,418,54
640,179946,1420,18,71,1021,261,62
641,179955,1433,18,57,828,259,55
642,179964,897,23,75,674,208,52
643,180106,3279,9,53,1738,315,62
644,180258,1206,12,72,877,151,24
645,180416,586,44,88,521,262,36
646,180461,12581,23,84,10630,2914,36
647,180489,4820,40,94,4542,1967,38
648,180522,376,53,100,376,200,22
649,180595,1396,17,66,933,238,32
650,180984,1299,21,71,929,282,56
651,181002,5336,18,76,4090,966,73
652,181020,1822,15,71,1307,287,57
653,181093,260,36,58,152,96,33
654,181127,1529,22,73,1126,345,52
655,181215,2589,39,84,2197,1022,39
656,181330,1676,21,68,1145,367,46
657,181394,4955,38,70,3507,1889,30
658,181446,2315,16,76,1780,378,63
659,181464,10929,40,64,6999,4420,53
660,181604,335,26,57,191,89,35
661,181738,1287,13,52,673,178,32
662,181853,546,17,48,267,94,28
663,182281,7343,51,85,6250,3773,30
664,182290,7857,38,83,6597,2994,36
665,182634,3400,12,83,2826,421,51
666,182670,23110,4,9,2260,1098,91
667,182795,3546,15,84,3004,538,42
668,182980,5723,6,89,5149,388,37
669,183026,4432,18,78,3486,830,52
670,183044,17938,15,77,13963,2869,74
671,183062,6144,20,81,5029,1258,59
672,183071,193,48,73,141,94,51
673,183080,5120,18,77,3967,930,50
674,183211,914,24,89,816,223,52
675,183239,3829,13,73,2820,508,73
676,183822,3115,12,54,1702,382,27
677,183910,2984,11,64,1912,330,47
678,183974,1038,20,90,944,216,56
679,184348,3430,11,77,2656,400,67
680,184603,5193,14,73,3812,760,41
681,184612,1567,9,88,1382,153,37
682,184694,3647,16,77,2835,586,48
683,184773,1276,21,77,994,275,41
684,184782,8287,17,59,4908,1420,60
685,185129,4183,15,41,1727,649,18
686,185262,4952,30,80,3980,1525,34
687,185572,5537,16,77,4314,906,54
688,185590,13012,23,65,8500,3040,51
689,185828,4344,23,65,2844,1029,42
690,186131,26499,4,7,1963,1285,93
691,186201,6297,14,55,3480,901,67
692,186283,8078,11,71,5806,911,61
693,186371,7437,6,58,4357,497,43
694,186380,30631,20,59,18230,6337,70
695,186399,13282,7,54,7173,1057,53
696,186432,6145,9,54,3323,610,45
697,186584,10735,12,79,8498,1342,58
698,186618,2496,4,48,1207,124,50
699,186867,4977,12,38,1899,622,67
700,186876,6126,17,62,3805,1069,56
701,187134,11145,12,43,4805,1404,79
702,187444,8935,14,68,6086,1294,36
703,187648,2245,29,63,1419,659,22
704,187967,1088,29,41,450,318,33
705,187985,11467,29,64,7405,3424,34
706,188030,5365,35,85,4571,1918,32
707,188340,837,38,77,645,324,53
708,188429,8654,10,68,5897,918,59
709,188641,3417,15,69,2385,535,56
710,189088,5466,8,37,2056,489,68
711,189097,5606,10,20,1151,580,86
712,189705,4322,15,72,3134,682,64
713,189848,2440,14,77,1902,345,56
714,190044,6747,11,64,4320,757,68
715,190099,8374,9,26,2209,759,89
716,190114,667,16,54,366,113,18
717,190150,31851,4,7,2362,1415,90
718,190248,1358,11,67,910,153,35
719,190372,3193,5,7,247,186,77
720,190415,39999,8,15,6222,3223,90
721,190512,19863,5,24,4931,1185,55
722,190549,19843,5,31,6346,1148,39
723,190558,9785,26,99,9761,2556,41
724,190567,22171,6,34,7560,1397,27
725,190594,30758,6,29,9140,1971,38
726,190600,13753,13,34,4683,1908,35
727,190637,15518,3,23,3612,551,27
728,190646,7563,13,91,6913,1045,10
729,190655,16870,16,76,12957,2861,16
730,190664,19032,7,37,7045,1449,42
731,190691,13319,8,35,4675,1111,17
732,190716,1171,22,79,926,258,32
733,190725,3061,13,48,1489,411,40
734,190761,1594,17,71,1146,286,30
735,190770,2675,14,78,2094,388,27
736,190983,2324,13,79,1854,324,62
737,191241,36189,5,47,17055,1967,79
738,191515,5017,9,27,1364,491,91
739,191533,5392,9,84,4542,528,56
740,191621,865,22,81,703,191,35
741,191630,4385,14,49,2168,643,77
742,191649,22733,6,58,13346,1488,57
743,191676,807,27,91,735,223,70
744,191931,5911,15,92,5445,922,59
745,191968,15658,11,66,10429,1789,73
746,192192,1375,16,87,1207,228,43
747,192323,5924,10,61,3667,622,70
748,192439,5695,15,86,4949,879,16
749,192448,6001,10,80,4841,659,31
750,192703,7268,10,66,4809,757,68
751,192749,3930,12,76,3016,476,56
752,192819,10351,11,37,3876,1149,76
753,192864,4147,9,74,3095,399,41
754,192925,1505,29,54,817,443,45
755,193016,6546,12,57,3747,833,30
756,193292,3242,15,72,2356,501,55
757,193353,3551,12,86,3054,449,47
758,193399,2416,15,73,1766,386,46
759,193584,3838,11,68,2625,423,64
760,193645,1554,34,56,885,532,22
761,193654,4978,20,66,3315,1038,59
762,193900,57845,9,26,15066,5207,81
763,193973,3716,18,66,2465,700,63
764,194091,5433,15,74,4024,841,38
765,194161,700,37,96,677,264,35
766,194310,12885,14,76,9900,1848,44
767,194392,970,24,74,725,240,33
768,194541,3444,13,75,2591,451,47
769,194824,16150,8,41,6654,1411,77
770,194958,814,25,72,591,206,58
771,195003,16354,17,60,9839,2784,50
772,195030,17244,8,35,6153,1472,82
773,195128,2237,13,56,1267,297,55
774,195164,2754,15,79,2203,438,62
775,195173,2815,20,64,1811,568,42
776,195216,4424,14,46,2054,631,79
777,195234,4651,13,77,3605,621,61
778,195243,1841,18,82,1514,337,47
779,195304,2165,15,61,1335,344,66
780,195474,8082,9,68,5500,734,77
781,195526,8285,7,35,2904,660,84
782,195544,3148,17,75,2373,547,66
783,195720,4016,12,62,2521,521,69
784,195809,51634,5,53,27449,2792,46
785,196006,5761,19,54,3165,1101,45
786,196015,3391,23,78,2653,780,27
787,196024,4846,19,58,2843,935,38
788,196033,2765,28,73,2021,781,37
789,196042,5401,22,52,2843,1190,35
790,196051,4049,21,58,2388,858,23
791,196060,21178,12,55,11744,2568,62
792,196079,28232,9,42,12104,2664,76
793,196088,23093,15,56,13053,3669,64
794,196097,30300,8,39,11963,2709,58
795,196103,1538,18,50,777,288,63
796,196112,1954,14,47,929,274,41
797,196121,8570,12,47,4091,1085,59
798,196130,11256,11,48,5463,1324,39
799,196149,11518,10,46,5394,1207,61
800,196158,5883,17,51,3032,1007,57
801,196167,9164,10,45,4184,997,73
802,196176,12892,8,43,5620,1119,63
803,196185,10261,10,50,5205,1119,64
804,196194,10351,14,48,5034,1508,51
805,196200,4764,17,68,3257,821,43
806,196219,8405,9,33,2790,775,56
807,196237,3341,12,58,1939,410,29
808,196246,8193,11,45,3739,954,53
809,196264,1484,29,80,1195,433,12
810,196291,1279,25,63,818,331,39
811,196413,28269,12,49,13990,3487,76
812,196592,1732,49,58,1016,859,40
813,196866,5725,9,37,2134,559,85
814,197045,3689,13,85,3151,489,40
815,197133,7597,8,24,1832,666,92
816,197197,2942,14,69,2056,430,58
817,197230,2214,7,59,1321,161,57
818,197708,1575,54,82,1294,857,75
819,197869,12248,24,63,7744,3028,58
820,197911,2933,7,41,1225,217,45
821,197984,2197,12,67,1485,283,36
822,197993,1639,11,82,1354,194,36
823,198066,2299,10,44,1032,245,38
824,198136,11714,6,69,8180,788,44
825,198215,3226,10,40,1309,342,48
826,198303,3708,12,61,2282,474,20
827,198385,4745,10,25,1215,483,91
828,198419,30374,5,13,4077,1714,91
829,198464,15535,25,62,9658,4015,46
830,198507,3925,13,57,2243,527,33
831,198516,9949,14,53,5370,1474,80
832,198543,4010,15,54,2204,612,23
833,198561,5481,7,48,2640,435,51
834,198598,1314,15,78,1029,200,24
835,198613,3030,13,68,2066,407,53
836,198695,7663,16,64,4918,1257,60
837,198756,4777,4,36,1752,232,38
838,198808,1751,12,66,1164,226,35
839,198835,4762,6,68,3241,310,45
840,198862,3270,12,71,2329,395,16
841,198899,2899,14,64,1869,419,34
842,198950,1762,23,62,1098,415,57
843,198969,4079,11,61,2497,452,33
844,199032,700,15,54,380,109,34
845,199069,2117,15,49,1054,333,32
846,199102,4480,41,69,3120,1849,31
847,199111,3036,18,64,1944,553,51
848,199120,28437,13,27,7847,3915,86
849,199139,13742,25,68,9416,3541,42
850,199148,10112,24,60,6069,2516,45
851,199157,8886,15,50,4472,1407,29
852,199193,20700,21,50,10353,4398,61
853,199209,1634,13,46,764,222,29
854,199218,11184,18,54,6061,2053,63
855,199272,1083,30,90,984,328,41
856,199281,3087,33,72,2224,1020,25
857,199306,1662,13,96,1597,218,43
858,199412,1949,16,76,1498,316,49
859,199458,168,22,41,69,37,46
860,199582,2560,12,67,1725,327,26
861,199607,854,20,58,497,174,63
862,199643,6207,8,54,3382,507,24
863,199698,898,19,64,579,178,29
864,199847,11121,11,35,3915,1232,84
865,199865,1214,18,69,845,220,47
866,199962,5323,12,79,4221,642,50
867,199999,5164,13,55,2874,685,34
868,200004,15231,10,37,5736,1558,43
869,200059,417,39,48,203,165,28
870,200156,1088,23,56,619,261,44
871,200217,945,46,83,785,440,37
872,200253,959,41,56,543,397,27
873,200280,5404,43,73,3983,2360,41
874,200332,5812,43,84,4888,2553,41
875,200572,345,53,82,286,186,36
876,200800,10575,36,96,10204,3812,30
877,201104,2931,21,74,2180,623,50
878,201195,4220,18,63,2699,762,65
879,201371,1784,14,53,947,250,56
880,201441,15689,21,72,11370,3348,45
881,201548,3640,18,76,2768,691,55
882,201645,18418,6,41,7713,1252,74
883,201654,3267,23,74,2418,781,68
884,201690,7142,5,33,2377,420,18
885,201885,16002,28,73,11721,4486,48
886,201964,1455,49,97,1413,719,26
887,202134,6768,25,62,4255,1727,21
888,202480,15719,11,52,8327,1761,71
889,202514,1704,14,71,1220,241,43
890,202523,4770,12,45,2193,582,80
891,202763,2260,25,68,1544,581,51
892,203128,2542,11,57,1458,290,62
893,203368,3721,21,83,3101,793,71
894,203517,15970,25,83,13259,4111,42
895,203535,4054,11,38,1556,483,88
896,203580,1158,17,55,644,205,38
897,203757,1307,17,69,906,227,21
898,203775,1333,23,71,957,316,54
899,203845,4168,9,63,2662,385,50
900,204024,22520,16,66,15034,3644,76
901,204185,2660,20,71,1894,552,59
902,204194,1279,23,63,812,302,56
903,204200,1197,27,87,1048,324,51
904,204264,2001,20,75,1520,405,40
905,204468,2468,13,90,2227,338,31
906,204501,7438,10,30,2262,781,84
907,204617,2652,9,49,1310,239,36
908,204635,3325,18,67,2256,613,62
909,204796,31359,22,55,17413,7130,74
910,204857,20765,20,72,15149,4244,59
911,204909,4029,13,75,3035,541,59
912,204936,3176,18,73,2342,575,38
913,205957,1889,24,76,1437,460,67
914,206048,5228,25,38,2016,1313,38
915,206084,11066,30,90,10040,3428,37
916,206349,441,23,57,255,103,41
917,206437,1640,30,77,1265,493,51
918,206491,1534,4,58,895,69,53
919,206507,3780,7,46,1740,275,36
920,206525,5274,10,89,4711,549,61
921,206589,5583,10,56,3145,560,73
922,206622,10907,11,69,7632,1289,72
923,206817,2445,10,71,1756,249,1
924,206835,2335,8,49,1152,187,54
925,206941,10432,21,83,8761,2223,24
926,207041,968,63,98,950,612,27
927,207263,1889,44,73,1386,847,22
928,207306,888,49,59,531,437,24
929,207324,1984,26,63,1254,533,41
930,207351,858,33,47,409,289,25
931,207388,11064,34,76,8411,3872,49
932,207403,6560,8,56,3704,580,52
933,207458,1442,24,71,1038,351,56
934,207500,10991,36,80,8841,4052,53
935,207582,1417,28,43,617,399,48
936,207661,1864,42,54,1015,785,13
937,207689,602,21,94,570,127,20
938,207722,594,25,62,371,150,34
939,207847,1001,53,79,800,538,23
940,207856,405,62,88,358,254,45
941,207865,2536,36,90,2289,913,22
942,207971,7304,11,40,2965,856,62
943,208488,1790,12,55,1001,217,48
944,208646,1503,28,66,1007,426,19
945,208822,2431,25,75,1830,624,58
946,209056,6458,7,62,4059,473,72
947,209065,2139,20,92,1972,449,64
948,209108,36,22,38,14,8,14
949,209409,318,25,70,224,82,42
950,209506,2778,13,71,1982,363,33
951,209542,12414,28,78,9799,3516,48
952,209551,21263,18,74,15770,4031,57
953,209612,2658,15,86,2291,421,58
954,209807,5751,25,61,3518,1465,30
955,209825,9523,8,66,6361,835,73
956,209922,2893,12,48,1404,354,77
957,210146,2615,25,73,1910,673,29
958,210304,948,8,52,500,85,29
959,210331,2896,7,32,934,222,50
960,210401,8109,6,57,4690,545,75
961,210429,2848,36,88,2512,1026,34
962,210492,396,20,51,205,81,20
963,210571,6060,10,62,3776,655,51
964,210669,4512,13,64,2927,604,77
965,210739,2624,15,75,1989,416,67
966,210775,1792,21,77,1391,389,45
967,211088,9608,6,59,5735,597,57
968,211158,9248,23,88,8190,2218,54
969,211273,2708,13,39,1081,365,83
970,211291,7947,11,29,2345,933,89
971,211352,2127,14,74,1580,304,43
972,211361,3022,38,92,2801,1154,44
973,211431,669,30,95,637,206,56
974,211440,18884,7,25,4813,1442,82
975,211468,1063,13,58,625,141,55
976,211556,594,15,60,361,92,47
977,211583,1829,10,57,1058,192,35
978,211644,2071,51,93,1936,1072,46
979,211981,1895,21,68,1295,416,53
980,212009,5826,10,44,2589,625,84
981,212054,43945,6,81,35815,3040,54
982,212106,6793,22,74,5033,1547,72
983,212115,5621,21,78,4409,1210,48
984,212133,1821,25,64,1167,459,52
985,212160,3187,37,87,2784,1191,36
986,212197,3815,13,69,2654,530,74
987,212577,5174,11,39,2034,599,86
988,212601,3983,15,80,3203,622,58
989,212656,1670,20,68,1136,334,64
990,212674,5453,12,41,2270,703,82
991,212832,1232,17,65,812,211,58
992,212911,3585,9,23,842,330,92
993,212984,1350,22,75,1024,297,48
994,213011,1650,14,79,1314,247,44
995,213020,9367,29,90,8476,2741,43
996,213251,2227,17,74,1650,391,74
997,213303,1120,28,72,807,321,33
998,213321,2780,17,71,1988,500,64
999,213349,7785,23,81,6367,1815,46
1000,213358,1488,15,55,828,229,40
1001,213367,5547,16,80,4449,939,61
1002,213385,6766,9,34,2310,635,87
1003,213507,3793,10,66,2536,415,71
1004,213543,12589,9,30,3882,1198,81
1005,213598,3240,13,61,1987,448,33
1006,213613,3744,28,87,3286,1052,40
1007,213668,1737,19,71,1244,347,59
1008,213783,2023,31,92,1867,629,44
1009,213826,2021,20,71,1441,407,61
1010,213987,2938,20,75,2214,600,57
1011,213996,2836,22,65,1869,648,74
1012,214041,5455,23,71,3920,1299,52
1013,214069,2125,20,64,1379,435,67
1014,214157,1636,21,79,1308,356,72
1015,214166,1546,24,68,1063,379,24
1016,214175,5152,11,46,2378,579,84
1017,214272,3397,14,55,1879,503,41
1018,214591,3437,31,84,2890,1080,60
1019,214625,477,32,73,352,154,46
1020,214634,229,39,69,159,90,24
1021,214643,472,31,81,387,148,41
1022,214652,722,39,81,591,282,38
1023,214670,909,24,85,777,225,47
1024,214689,5700,24,85,4856,1379,62
1025,214698,670,31,87,585,208,36
1026,214704,2570,31,83,2135,814,48
1027,214713,2792,22,79,2232,628,52
1028,214731,1279,28,79,1011,368,33
1029,214740,439,41,87,386,183,45
1030,214759,610,36,89,544,224,33
1031,214768,1179,36,86,1018,433,44
1032,214777,47552,16,54,25772,7649,77
1033,214786,699,28,79,558,201,37
1034,214795,827,39,82,684,325,46
1035,214801,3221,21,77,2504,691,39
1036,214810,693,35,81,562,248,36
1037,214829,1329,22,84,1123,300,41
1038,215062,31282,7,12,3830,2421,92
1039,215099,5396,10,64,3458,550,53
1040,215114,610,25,51,313,155,51
1041,215266,940,40,85,802,379,46
1042,215275,1262,31,93,1175,394,45
1043,215284,1570,49,90,1419,772,46
1044,215293,24871,14,56,13959,3678,74
1045,215442,3237,16,73,2393,548,47
1046,215655,5689,17,80,4580,998,50
1047,215691,1014,11,58,592,112,46
1048,215743,1679,24,76,1277,403,66
1049,215770,7831,16,78,6165,1275,75
1050,215798,2035,23,68,1399,472,68
1051,215929,9087,9,75,6818,881,79
1052,215947,2414,15,65,1574,386,55
1053,216010,5949,25,83,4962,1520,48
1054,216038,5475,25,66,3667,1409,54
1055,216278,3217,18,72,2327,589,73
1056,216287,6615,5,14,947,388,91
1057,216339,18813,23,63,12016,4390,55
1058,216357,2519,12,65,1650,303,31
1059,216524,3947,10,66,2618,425,77
1060,216542,451,32,65,297,148,39
1061,216597,14966,11,48,7319,1659,88
1062,216667,7176,4,39,2851,326,75
1063,216694,1962,20,75,1476,410,50
1064,216764,13424,17,51,6922,2298,59
1065,216807,3378,9,73,2478,309,72
1066,216852,5461,15,67,3673,828,50
1067,216931,2998,19,75,2278,596,53
1068,217013,450,16,52,237,76,51
1069,217059,9934,10,73,7302,1064,49
1070,217156,28919,5,9,2654,1543,90
1071,217165,6013,14,76,4603,890,80
1072,217235,12364,16,76,9399,2093,49
1073,217402,9660,10,59,5776,1027,84
1074,217420,4492,23,69,3106,1071,30
1075,217484,19824,15,78,15603,2993,53
1076,217518,9021,12,80,7305,1104,57
1077,217536,5070,9,67,3400,465,63
1078,217633,2190,22,65,1424,502,39
1079,217688,3640,18,68,2507,656,31
1080,217776,698,22,93,654,158,38
1081,217819,11509,18,70,8092,2138,59
1082,217864,2557,26,80,2056,676,66
1083,217873,4354,9,52,2290,435,38
1084,217882,18500,18,57,10706,3463,73
1085,217907,1273,19,53,678,247,41
1086,217925,302,34,62,189,103,59
1087,217934,457,28,64,297,128,38
1088,217961,1565,15,52,814,237,59
1089,217998,750,25,69,523,194,54
1090,218061,3951,18,56,2239,744,30
1091,218070,5953,12,63,3808,759,82
1092,218229,3349,16,42,1412,569,44
1093,218238,2424,18,53,1290,451,29
1094,218414,887,26,59,524,238,37
1095,218441,1782,28,57,1032,505,49
1096,218539,1650,17,66,1089,296,65
1097,218645,2620,20,51,1342,526,33
1098,218654,1387,29,73,1013,410,19
1099,218663,23429,19,60,14199,4625,65
1100,218724,10993,20,74,8139,2206,38
1101,218733,4499,12,50,2285,569,26
1102,218742,3066,26,64,1969,806,33
1103,218919,2726,5,50,1377,146,28
1104,218964,4285,25,72,3096,1096,47
1105,218973,2718,15,68,1870,415,80
1106,219000,1147,31,68,781,367,59
1107,219046,957,64,89,854,619,23
1108,219082,781,40,82,648,318,37
1109,219091,665,25,70,467,168,35
1110,219198,402,29,72,291,117,49
1111,219259,1157,35,93,1080,410,41
1112,219295,401,32,66,265,131,37
1113,219356,4851,47,91,4458,2306,45
1114,219383,1385,17,96,1342,237,43
1115,219471,3606,37,87,3169,1342,45
1116,219578,119,30,52,62,36,59
1117,219602,3332,45,85,2864,1522,27
1118,219709,5111,24,79,4082,1248,63
1119,219718,2669,23,51,1362,637,22
1120,219790,1151,16,37,433,187,59
1121,219806,3916,12,66,2607,481,45
1122,219833,1943,13,47,922,254,47
1123,219949,795,26,47,376,212,31
1124,219976,3467,19,52,1827,684,56
1125,220075,4721,39,86,4083,1881,30
1126,220181,3334,6,39,1323,226,47
1127,220215,1042,34,92,959,356,46
1128,220516,933,22,63,595,210,49
1129,220598,4589,8,49,2256,405,26
1130,220604,1242,15,23,290,190,12
1131,220613,1689,48,91,1548,812,45
1132,220631,975,19,69,682,191,34
1133,220710,2196,15,72,1594,349,53
1134,220862,5990,35,68,4098,2134,30
1135,220978,9845,33,69,6888,3276,33
1136,221014,612,33,68,418,206,52
1137,221351,3555,15,57,2049,545,76
1138,221519,3285,14,60,1980,488,77
1139,221661,2313,21,38,885,490,35
1140,221731,791,26,71,564,208,39
1141,221740,7628,30,77,5917,2342,28
1142,221759,14396,29,72,10435,4276,55
1143,221768,3640,35,76,2791,1308,35
1144,221847,4973,43,93,4633,2176,39
1145,221892,930,27,77,718,259,42
1146,221953,2825,10,72,2041,310,27
1147,221971,1932,23,74,1432,452,59
1148,221999,31099,5,12,3963,1613,90
1149,222178,10188,10,48,4986,1030,49
1150,222831,2599,46,80,2092,1220,23
1151,222983,3141,11,58,1841,364,70
1152,223232,29249,10,57,16809,3190,68
1153,224004,1680,11,46,787,192,27
1154,224147,7091,28,92,6565,2051,33
1155,224226,2631,18,42,1113,492,50
1156,224323,1224,31,90,1103,380,62
1157,224527,709,48,73,522,345,29
1158,224554,4236,22,68,2888,943,36
1159,225247,2091,19,37,786,415,45
1160,225399,5872,19,73,4297,1135,36
1161,225432,3096,36,95,2944,1130,8
1162,225511,17407,19,58,10167,3434,34
1163,225548,1585,21,53,853,347,38
1164,225575,1778,11,45,816,211,19
1165,225627,4072,25,93,3790,1045,31
1166,226091,4788,30,76,3678,1451,24
1167,226152,4784,17,47,2289,828,33
1168,226231,1810,18,40,736,335,45
1169,226383,783,32,94,743,255,36
1170,226471,5540,12,84,4691,675,39
1171,226587,1396,17,59,827,250,33
1172,226833,3023,28,71,2170,847,32
1173,227216,18299,25,59,10922,4617,39
1174,227331,3789,8,65,2486,341,28
1175,227368,9313,33,62,5790,3102,28
1176,227429,632,11,98,623,70,3
1177,227526,10747,13,42,4548,1464,25
1178,227757,15415,6,16,2581,978,86
1179,227845,3694,21,78,2901,791,62
1180,227863,782,30,77,604,237,41
1181,227881,9315,25,64,6054,2413,41
1182,228042,894,33,92,828,299,38
1183,228149,5147,11,58,2997,596,47
1184,228246,12080,11,50,6125,1431,74
1185,228325,2057,16,34,717,344,25
1186,228343,3546,13,52,1850,491,68
1187,228431,11383,19,56,6474,2253,35
1188,228459,18939,27,75,14219,5181,46
1189,228468,1326,12,53,715,172,32
1190,228501,1638,18,52,855,310,21
1191,228529,6223,25,56,3536,1617,34
1192,228705,6488,19,88,5716,1255,27
1193,228723,31387,32,69,21803,10241,67
1194,228769,10679,25,59,6405,2713,30
1195,228778,38161,18,40,15335,7249,68
1196,228787,8750,25,58,5125,2233,56
1197,228796,6240,48,99,6228,3033,27
1198,228802,2104,33,82,1726,704,36
1199,228875,18551,10,47,8791,1936,70
1200,228981,1734,19,50,882,346,43
1201,229018,1007,27,84,846,276,20
1202,229027,15239,29,73,11165,4493,21
1203,229063,9746,11,45,4389,1110,11
1204,229115,19170,24,66,12709,4785,48
1205,229160,3336,8,29,998,273,30
1206,229179,4431,26,86,3812,1161,33
1207,229267,4505,11,63,2880,534,78
1208,229780,581,59,98,573,348,28
1209,229814,4632,28,74,3429,1308,34
1210,230038,11423,38,49,5645,4427,54
1211,230047,2664,19,36,960,516,36
1212,230603,8318,15,57,4749,1272,32
1213,230728,9052,42,96,8757,3824,38
1214,230764,11354,27,81,9281,3124,44
1215,230807,2461,18,75,1850,449,51
1216,230816,1130,12,64,733,140,64
1217,230825,199,22,82,165,45,13
1218,230834,2251,21,92,2072,480,44
1219,230852,5047,11,70,3573,594,54
1220,230889,4,50,100,4,2,29
1221,230898,773,17,75,584,136,37
1222,230913,864,26,96,837,225,29
1223,230931,1354,26,99,1345,365,27
1224,230940,232,20,75,176,47,54
1225,230959,8847,6,17,1518,598,91
1226,230995,3081,19,63,1956,599,54
1227,231059,4431,11,75,3328,512,72
1228,231077,183,18,68,125,33,17
1229,231086,336,27,99,334,93,28
1230,231095,49,40,93,46,20,30
1231,231165,568,34,82,469,194,34
1232,231174,22381,11,77,17357,2495,72
1233,231420,2356,10,63,1491,241,26
1234,231554,1042,11,57,597,118,42
1235,231581,5401,9,54,2967,536,57
1236,231624,14046,10,33,4665,1479,87
1237,231651,1238,18,85,1054,231,38
1238,231712,7016,18,59,4141,1276,60
1239,232025,1663,16,65,1093,267,42
1240,232043,1073,21,65,698,232,58
1241,232089,3272,17,74,2425,569,28
1242,232186,20805,14,62,12905,3011,57
1243,232256,2623,11,54,1439,293,61
1244,232265,15337,6,36,5529,1004,60
1245,232308,824,17,69,571,148,58
1246,232423,22648,19,63,14394,4325,75
1247,232557,48054,9,21,10405,4690,40
1248,232566,4055,27,81,3299,1111,55
1249,232609,5695,8,63,3627,512,52
1250,232672,3089,7,88,2729,218,39
1251,232681,4496,21,80,3640,947,71
1252,232706,2082,19,82,1718,400,52
1253,232937,3373,24,64,2192,829,30
1254,232982,10201,28,76,7833,2943,39
1255,233277,7774,25,78,6088,1986,52
1256,233295,2997,12,63,1909,382,60
1257,233301,1056,20,83,881,216,49
1258,233374,9825,8,31,3061,805,84
1259,233426,4167,13,72,3034,542,61
1260,233541,1833,25,84,1550,459,40
1261,233611,763,29,99,762,226,31
1262,233718,905,21,84,763,197,56
1263,233897,972,34,74,724,335,34
1264,233912,226,19,96,218,45,40
1265,233921,19112,28,70,13432,5364,74
1266,234030,14156,24,69,9786,3525,46
1267,234076,28984,12,29,8691,3520,90
1268,234085,2012,24,47,952,502,69
1269,234155,5729,21,94,5419,1244,37
1270,234164,4306,9,58,2518,404,30
1271,234173,3788,11,93,3527,453,41
1272,234207,6222,7,18,1147,480,88
1273,234827,4507,33,82,3703,1502,48
1274,235097,5204,30,79,4146,1579,34
1275,235167,1583,32,97,1537,509,51
1276,235316,6991,15,66,4650,1096,78
1277,235769,282,20,95,270,57,83
1278,236133,465,46,97,452,218,41
1279,236230,3443,18,76,2643,648,64
1280,236328,4588,14,85,3910,670,74
1281,236452,653,24,87,572,159,43
1282,236577,5165,14,72,3726,767,63
1283,236595,7160,13,73,5243,976,70
1284,236896,1051,37,92,976,393,32
1285,236939,14887,27,82,12219,4163,55
1286,236948,30199,20,55,16679,6253,72
1287,237011,9526,29,83,7974,2795,57
1288,237057,2586,15,56,1473,392,85
1289,237066,4044,14,64,2609,593,70
1290,237118,4892,8,43,2114,438,40
1291,237181,1736,10,49,859,185,44
1292,237215,1125,27,42,480,306,12
1293,237312,1312,20,69,906,272,40
1294,237330,2698,19,45,1233,529,29
1295,237358,1022,26,57,586,269,31
1296,237367,2799,27,66,1861,757,26
1297,237385,1198,26,74,892,315,22
1298,237525,2866,64,78,2255,1858,36
1299,237640,904,10,36,329,91,34
1300,237792,2023,37,81,1639,756,30
1301,237899,2202,18,44,986,418,11
1302,237932,2175,23,71,1549,501,33
1303,237950,1033,19,51,530,199,13
1304,237969,1762,26,76,1356,471,53
1305,238032,16521,31,85,14060,5135,48
1306,238078,1258,18,68,867,238,48
1307,238193,582,35,78,459,208,26
1308,238333,2253,13,67,1525,300,75
1309,238430,577,35,84,486,202,37
1310,238458,2868,24,81,2327,700,51
1311,238476,7174,10,70,5035,726,61
1312,238616,2510,23,69,1755,580,47
1313,238661,1297,22,76,993,298,47
1314,238980,885,24,66,586,218,45
1315,239017,2710,14,72,1970,395,77
1316,239071,417,50,71,298,210,37
1317,239080,1021,24,75,772,251,41
1318,239105,23432,8,57,13462,1990,70
1319,239318,2167,25,68,1482,544,49
1320,239390,478,24,53,258,115,32
1321,239512,1058,13,59,625,140,56
1322,239628,1320,18,75,992,238,69
1323,239716,2088,25,81,1711,539,72
1324,239743,170,23,60,102,40,32
1325,240107,1711,17,70,1208,304,41
1326,240189,5704,38,84,4830,2168,44
1327,240268,6610,31,76,5054,2073,51
1328,240277,2520,36,84,2136,921,35
1329,240329,6982,27,71,5027,1897,54
1330,240338,870,26,63,553,229,57
1331,240365,5117,35,81,4162,1841,38
1332,240374,1896,37,75,1431,712,21
1333,240417,3150,47,89,2812,1498,41
1334,240426,941,38,89,840,366,30
1335,240444,23324,26,67,15841,6279,72
1336,240453,8944,39,86,7699,3492,29
1337,240462,3399,51,96,3279,1754,40
1338,240471,2602,43,86,2254,1119,40
1339,240480,4432,36,82,3672,1637,44
1340,240727,4181,37,95,4001,1584,42
1341,243744,38828,4,5,2208,1677,88
1342,243780,31083,20,60,18779,6422,58
1343,245652,205,40,82,169,84,51
1344,262129,1376,16,60,834,222,62
1345,366711,10208,17,62,6381,1783,32
1346,367884,221,76,82,183,170,5
1347,372958,63,68,76,48,43,64
1348,377555,2459,23,75,1861,573,57
1349,377564,1198,34,85,1021,410,42
1350,384254,139,29,64,90,41,83
1351,385619,67,79,91,61,53,60
1352,399911,422,26,43,183,112,82
1353,409698,12562,7,44,5577,902,27
1354,414823,5029,9,64,3267,499,38
1355,414878,33,21,30,10,7,0
1356,433660,10804,25,65,7108,2761,34
1357,434414,1683,50,98,1651,854,13
1358,439288,1998,16,78,1568,333,50
1359,441186,201,50,60,122,101,52
1360,441900,1344,23,50,677,322,9
1361,441937,6960,10,64,4484,756,39
1362,445708,4543,13,59,2708,613,45
1363,446048,1611,15,59,960,254,57
1364,448840,3195,17,44,1406,562,34
1365,454184,3033,4,71,2158,127,59
1366,455770,122,16,53,65,20,51
